Row Labels,Sum of votes
00.01.01,1527
00.01.02,923
00.01.03,710
00.01.04,931
00.01.05,1085
00.01.06,861
00.01.07,1011
00.01.08,950
00.01.09,931
00.01.10,1017
00.01.11,1534
00.01.12,783
00.01.13,775
00.01.14,909
00.01.15,937
00.01.16,1652
00.01.17,1478
00.01.18,906
00.01.19,924
00.01.20,1048
00.01.21,926
00.01.22,1092
00.01.23,1471
00.01.24,1458
00.01.25,1183
00.01.26,978
00.01.27,942
00.01.28,999
00.01.29,1241
00.01.30,840
00.01.31,1043
00.01.32,1232
00.01.33,892
00.01.34,218
00.02.01,1115
00.02.02,1048
00.02.03,1147
00.02.04,1129
00.02.05,1269
00.02.06,981
00.02.07,815
00.02.08,1110
00.02.09,919
00.02.10,1000
00.02.11,967
00.02.12,1040
00.02.13,1115
00.02.14,1211
00.02.15,1271
00.02.16,894
00.02.17,918
00.02.18,1107
00.02.19,1006
00.02.20,1219
00.02.21,1112
00.02.22,1524
00.02.23,886
00.02.24,1165
00.02.25,1192
00.02.26,1099
00.02.27,1354
00.02.28,1038
00.02.29,734
00.02.30,1482
00.02.31,1363
00.02.32,1698
00.02.33,1032
00.02.34,962
00.02.35,924
00.02.36,946
00.02.37,1144
00.02.38,858
00.02.39,1100
00.02.40,1215
00.02.41,869
00.02.42,876
00.02.43,903
00.02.44,920
00.02.45,1467
00.02.46,1152
00.02.47,940
00.02.48,1076
00.02.49,865
00.02.50,1549
00.02.51,1441
00.02.52,973
00.02.53,1467
00.02.54,1312
00.02.55,774
00.02.56,941
00.02.57,1255
00.02.58,1153
00.02.59,1037
00.02.60,1077
00.02.61,928
00.02.62,1761
00.02.63,937
00.02.64,403
00.02.65,927
00.02.66,948
00.02.67,1786
00.02.68,984
00.02.69,1136
00.02.70,412
00.03.01,1263
00.03.02,1070
00.03.03,1073
00.03.04,917
00.03.05,1111
00.03.06,1093
00.03.07,978
00.03.08,966
00.03.09,863
00.03.10,994
00.03.11,840
00.03.12,916
00.03.13,937
00.03.14,922
00.03.15,1062
00.03.16,935
00.03.17,1130
00.03.18,938
00.03.19,985
00.03.20,801
00.03.21,931
00.03.22,993
00.03.23,989
00.03.24,969
00.03.25,990
00.03.26,990
00.03.27,787
00.03.28,974
00.03.29,868
00.03.30,955
00.03.31,1046
00.03.32,951
00.03.33,1148
00.03.34,955
00.03.35,1526
00.03.36,994
00.03.37,1602
00.03.38,827
00.03.39,973
00.03.40,989
00.03.41,1075
00.03.42,1012
00.03.43,834
00.03.44,1071
00.03.45,1020
00.03.46,950
00.03.47,998
00.03.48,1054
00.03.49,1028
00.03.50,1096
00.03.51,1163
00.03.52,785
00.03.53,1119
00.03.54,1004
00.03.55,923
00.03.56,972
00.03.57,1088
00.03.58,1061
00.03.59,1020
00.03.60,881
00.03.61,941
00.03.62,1165
00.03.63,1105
00.03.64,1881
00.03.65,697
00.03.66,932
00.03.67,980
00.03.68,1119
00.03.69,887
00.03.70,827
00.03.71,1026
00.03.72,2229
00.03.73,1179
00.03.74,1038
00.03.75,1113
00.03.76,2133
00.03.77,799
00.03.78,861
00.03.79,1117
00.03.80,983
00.03.81,962
00.03.82,944
00.03.83,1078
00.03.84,1336
00.03.85,881
00.03.86,869
00.03.87,1119
00.03.88,909
00.03.89,1723
00.03.90,1076
00.03.91,1605
00.04.01,685
00.04.02,1478
00.04.03,1302
00.04.04,1267
00.04.05,1252
00.04.06,1344
00.04.07,840
00.04.08,1163
00.04.09,908
00.04.10,1012
00.04.11,1137
00.04.12,940
00.04.13,1424
00.04.14,1418
00.04.15,1114
00.04.16,694
00.04.17,1521
00.04.18,789
00.04.19,818
00.04.20,941
00.04.21,503
00.05.01,1543
00.05.02,1416
00.05.03,1415
00.05.04,849
00.05.05,652
00.05.06,1426
00.05.07,851
00.05.08,877
00.05.09,854
00.05.10,895
00.05.11,1574
00.05.12,1613
00.05.13,1414
00.05.14,970
00.05.15,1022
00.05.16,859
00.05.17,910
00.05.18,1453
00.05.19,863
00.05.20,847
00.05.21,849
00.05.22,1083
00.05.23,888
00.05.24,881
00.05.25,1240
00.05.26,933
00.05.27,941
00.05.28,873
00.05.29,913
00.05.30,1211
00.05.31,1471
00.05.32,1315
00.05.33,636
00.05.34,1380
00.05.35,442
00.05.36,786
00.05.37,714
00.05.38,1012
00.05.39,1276
00.05.40,1356
00.05.41,976
00.05.42,1646
00.05.43,1497
00.05.44,1020
00.05.45,752
00.05.46,1567
00.05.47,738
00.05.48,726
00.05.49,889
00.05.50,748
00.05.51,1710
00.05.52,1564
00.05.53,1498
00.05.54,1744
00.05.55,1378
00.05.56,984
00.05.57,1589
00.06.01,1234
00.06.02,1350
00.06.03,1268
00.06.04,1341
00.06.05,1349
00.06.06,775
00.06.07,1510
00.06.08,1337
00.06.09,920
00.06.10,782
00.06.11,1556
00.06.12,1433
00.06.13,1477
00.06.14,1308
00.06.15,1563
00.06.16,1534
00.06.17,1642
00.06.18,1211
00.06.19,1051
00.06.20,1407
00.06.21,822
00.06.22,693
00.06.23,1640
00.06.24,1330
00.06.25,1300
00.06.26,1314
00.06.27,942
00.06.28,601
00.06.29,1458
00.06.30,1432
00.06.31,1728
00.06.32,1415
00.06.33,1389
00.06.34,740
00.06.35,784
00.06.36,841
00.06.37,1218
00.06.38,1529
00.06.39,1260
00.06.40,1377
00.06.41,1380
00.06.42,1237
00.06.43,352
00.06.44,1573
00.06.45,1292
00.06.46,635
00.06.47,506
00.06.48,1811
00.06.49,570
00.06.50,1040
00.06.51,1037
00.06.52,1421
00.06.53,1380
00.06.54,792
00.06.55,660
00.06.56,836
00.06.57,780
00.06.58,1378
00.06.59,1213
00.06.60,652
00.06.61,761
00.06.62,853
00.06.63,1465
00.06.64,617
00.06.65,760
00.06.66,1496
00.06.67,1175
00.06.68,1214
00.06.69,588
00.06.70,816
00.06.71,951
00.06.72,1281
00.07.01,875
00.07.02,867
00.07.03,705
00.07.04,923
00.07.05,606
00.07.06,844
00.07.07,944
00.07.08,857
00.07.09,912
00.07.10,1482
00.07.11,895
00.07.12,1505
00.07.13,1173
00.07.14,1578
00.07.15,998
00.07.16,947
00.07.17,953
00.07.18,996
00.07.19,1342
00.07.20,825
00.07.21,977
00.07.22,831
00.07.23,1602
00.07.24,1015
00.07.25,1731
00.07.26,1277
00.07.27,1238
00.07.28,807
00.07.29,834
00.07.30,768
00.07.31,944
00.07.32,843
00.07.33,911
00.07.34,869
00.07.35,809
00.07.36,667
00.07.37,844
00.07.38,752
00.07.39,1264
00.07.40,756
00.07.41,840
00.08.01,877
00.08.02,829
00.08.03,980
00.08.04,822
00.08.05,808
00.08.06,943
00.08.07,803
00.08.08,779
00.08.09,1097
00.08.10,461
00.08.11,1385
00.08.12,1522
00.08.13,734
00.08.14,746
00.08.15,1366
00.08.16,907
00.08.17,994
00.08.18,1073
00.08.19,1079
00.08.20,1210
00.08.21,711
00.08.22,1031
00.08.23,904
00.08.24,882
00.08.25,745
00.08.26,1538
00.08.27,1547
00.08.28,813
00.08.29,1175
00.08.30,1187
00.08.31,863
00.08.32,1524
00.08.33,631
00.08.34,820
00.08.35,1504
00.08.36,824
00.08.37,940
00.08.38,1544
00.08.39,1246
00.08.40,1118
00.09.01,1253
00.09.02,1467
00.09.03,1492
00.09.04,1579
00.09.05,1315
00.09.06,750
00.09.07,955
00.09.08,909
00.09.09,858
00.09.10,861
00.09.11,880
00.09.12,864
00.09.13,925
00.09.14,991
00.09.15,941
00.09.16,923
00.09.17,773
00.09.18,864
00.09.19,778
00.09.20,864
00.09.21,773
00.09.22,1368
00.09.23,709
00.09.24,853
00.09.25,746
00.09.26,854
00.09.27,765
00.09.28,758
00.09.29,1437
00.09.30,809
00.09.31,673
00.09.32,831
00.09.33,870
00.09.34,810
00.09.35,833
00.09.36,929
00.09.37,824
00.09.38,1999
00.09.39,1512
00.09.40,747
00.09.41,540
00.09.42,838
00.09.43,848
00.09.44,860
00.09.45,968
00.09.46,968
00.09.47,872
00.09.48,876
00.09.49,772
00.09.50,780
00.09.51,873
00.09.52,1543
00.09.53,609
00.09.54,856
00.09.55,849
00.09.56,1408
00.09.57,875
00.09.58,928
00.09.59,1644
00.09.60,813
00.09.61,1000
00.09.62,759
00.09.63,860
00.09.64,733
00.09.65,970
00.09.66,782
00.09.67,865
00.09.68,869
00.09.69,948
00.09.70,819
00.09.71,882
00.09.72,1401
00.09.73,925
00.09.74,832
00.09.75,770
00.09.76,1035
00.09.77,1509
00.09.78,1420
00.09.79,1480
00.09.80,1484
00.09.81,1514
00.10.01,988
00.10.02,895
00.10.03,847
00.10.04,1267
00.10.05,889
00.10.06,1682
00.10.07,1460
00.10.08,1558
00.10.09,1743
00.10.10,912
00.10.11,819
00.10.12,734
00.10.13,770
00.10.14,408
00.10.15,1274
00.10.16,1628
00.10.17,1424
00.10.18,1216
00.10.19,1671
00.10.20,957
00.10.21,1766
00.10.22,898
00.10.23,1587
00.10.24,724
00.10.25,783
00.10.26,759
00.10.27,1362
00.10.28,1486
00.10.29,861
00.10.30,1632
00.10.31,1336
00.10.32,607
00.10.33,1609
00.10.34,1425
00.10.35,869
00.10.36,829
00.10.37,1254
00.10.38,972
00.10.39,1044
00.10.40,796
00.10.41,795
00.10.42,858
00.10.43,792
00.10.44,1462
00.10.45,1507
00.10.46,891
00.10.47,1092
00.10.48,911
00.10.49,845
00.10.50,921
00.10.51,1469
00.10.52,1422
00.10.53,1545
00.10.54,1284
00.10.55,1041
00.10.56,685
00.10.57,683
00.10.58,543
00.10.59,765
00.10.60,952
00.10.61,1400
00.10.62,1567
00.10.63,864
00.10.64,1498
00.10.65,1582
00.10.66,942
00.10.67,1517
00.10.68,790
00.10.69,1198
00.10.70,914
00.10.71,829
00.10.72,1574
00.10.73,1404
00.10.74,1365
00.10.75,1837
00.10.76,403
00.10.77,129
00.11.01,1136
00.11.02,442
00.11.03,1414
00.11.04,1104
00.11.05,826
00.11.06,984
00.11.07,517
00.11.08,231
00.11.09,380
00.11.10,716
00.11.11,1342
00.11.12,384
00.11.13,971
00.11.14,1502
00.11.15,75
00.11.16,563
00.11.17,1334
00.11.18,541
00.11.19,555
00.11.20,764
00.11.21,746
00.11.22,268
00.11.23,604
00.11.24,895
00.11.25,350
00.11.26,293
00.11.27,449
00.11.28,344
00.11.29,356
00.11.30,457
00.11.31,445
00.11.32,547
00.11.33,348
00.11.34,449
00.11.35,478
00.11.36,406
00.11.37,328
00.11.38,466
00.11.39,489
00.11.40,410
00.12.01,771
00.12.02,1321
00.12.03,1209
00.12.04,815
00.12.05,606
00.12.06,1035
00.12.07,1190
00.12.08,1271
00.12.09,735
00.12.10,799
00.12.11,626
00.12.12,251
00.12.13,55
00.12.14,884
00.12.15,758
00.12.16,827
00.12.17,784
00.12.18,639
00.12.19,575
00.12.20,835
00.12.21,719
00.12.22,132
00.12.23,1441
00.12.24,698
00.12.25,1053
00.12.26,639
00.12.27,885
00.12.28,879
00.12.29,691
00.12.30,907
00.12.31,648
00.12.32,737
00.12.33,738
00.12.34,627
00.12.35,524
00.12.36,733
00.12.37,759
00.12.38,536
00.12.39,439
00.12.40,716
00.12.41,331
00.12.42,882
00.12.43,346
00.12.44,294
00.13.01,1048
00.13.02,1054
00.13.03,1208
00.13.04,562
00.13.05,1202
00.13.06,1051
00.13.07,757
00.13.08,792
00.13.09,763
00.13.10,811
00.13.11,1319
00.13.12,160
00.13.13,1074
00.13.14,424
00.13.15,213
00.13.16,170
00.13.17,573
00.13.18,398
00.13.19,1032
00.13.20,444
00.13.21,357
00.13.22,171
00.13.23,966
00.13.24,340
00.13.25,1213
00.14.01,774
00.14.02,1263
00.14.03,809
00.14.04,744
00.14.05,583
00.14.06,609
00.14.07,334
00.14.08,686
00.14.09,569
00.14.10,559
00.14.11,1072
00.14.12,1122
00.14.13,518
00.14.14,437
00.14.15,558
00.14.16,301
00.14.17,445
00.14.18,616
00.14.19,327
00.14.20,247
00.15.01,826
00.15.02,776
00.15.03,493
00.15.04,1037
00.15.05,1084
00.15.06,1115
00.15.07,477
00.15.08,846
00.15.09,425
00.15.10,340
00.15.11,647
00.15.12,1504
00.15.13,876
00.15.14,440
00.15.15,475
00.15.16,960
00.15.17,673
00.15.18,635
00.15.19,538
00.15.20,172
00.15.21,558
00.15.22,972
00.15.23,878
00.15.24,346
00.15.25,493
00.15.26,466
00.15.27,544
00.15.28,593
00.15.29,254
00.15.30,773
00.15.31,914
00.16.01,799
00.16.02,835
00.16.03,724
00.16.04,825
00.16.05,765
00.16.06,765
00.16.07,449
00.16.08,413
00.16.09,861
00.16.10,837
00.16.11,680
00.16.12,249
00.16.13,188
00.16.14,184
00.16.15,1056
00.16.16,318
00.16.17,183
00.16.18,300
00.16.19,461
00.16.20,964
00.16.21,700
00.16.22,800
00.16.23,716
00.16.24,742
00.16.25,823
00.16.26,654
00.16.27,277
00.16.28,441
00.16.29,227
00.17.01,944
00.17.02,786
00.17.03,619
00.17.04,817
00.17.05,1002
00.17.06,1335
00.17.07,1184
00.17.08,917
00.17.09,1316
00.17.10,867
00.17.11,670
00.17.12,963
00.17.13,971
00.17.14,582
00.17.15,653
00.17.16,672
00.17.17,625
00.17.18,926
00.17.19,1082
00.17.20,1083
00.17.21,296
00.17.22,1190
00.17.23,1217
00.17.24,833
00.17.25,183
00.17.26,668
00.17.27,770
00.17.28,775
00.17.29,623
00.17.30,582
00.17.31,529
00.17.32,642
00.17.33,1433
00.17.34,1217
00.17.35,507
00.17.36,587
00.17.37,347
00.17.38,473
00.17.39,480
00.17.40,70
00.17.41,858
00.17.42,68
00.17.43,306
00.18.01,925
00.18.02,783
00.18.03,1268
00.18.04,879
00.18.05,1143
00.18.06,568
00.18.07,222
00.18.08,752
00.18.09,127
00.18.10,806
00.18.11,663
00.18.12,478
00.18.13,182
00.18.14,633
00.18.15,254
00.18.16,576
00.18.17,1308
00.18.18,1064
00.18.19,280
00.18.20,181
00.18.21,568
00.18.22,330
00.18.23,773
00.18.24,837
00.19.01,617
00.19.02,657
00.19.03,301
00.19.04,156
00.19.05,149
00.19.06,125
00.19.07,77
00.19.08,343
00.19.09,312
00.19.10,131
00.19.11,461
00.19.12,507
00.19.13,228
00.19.14,203
00.19.15,246
00.19.16,314
00.19.17,502
00.19.18,138
00.19.19,536
00.19.20,522
00.20.01,1265
00.20.02,713
00.20.03,955
00.20.04,1325
00.20.05,917
00.20.06,903
00.20.07,895
00.20.08,773
00.20.09,768
00.20.10,1620
00.20.11,1478
00.20.12,877
00.20.13,936
00.20.14,936
00.20.15,627
00.20.16,1256
00.20.17,1154
00.20.18,762
00.20.19,778
00.20.20,748
00.20.21,902
00.20.22,764
00.20.23,1235
00.20.24,1308
00.20.25,1314
00.20.26,662
00.20.27,834
00.20.28,639
00.20.29,1634
00.20.30,1511
00.20.31,1326
00.20.32,670
00.20.33,862
00.20.34,1296
00.20.35,1216
00.20.36,1509
00.20.37,1356
00.20.38,1537
00.20.39,762
00.20.40,1325
00.20.41,619
00.20.42,798
00.20.43,786
00.20.44,767
00.20.45,852
00.20.46,1309
00.20.47,1267
00.20.48,1456
00.20.49,1478
00.20.50,1295
00.20.51,1331
00.20.52,1468
00.20.53,715
00.20.54,748
00.20.55,754
00.20.56,1240
00.20.57,1351
00.20.58,215
00.20.59,132
00.20.60,93
00.20.61,238
00.21.01,823
00.21.02,753
00.21.03,787
00.21.04,927
00.21.05,969
00.21.06,414
00.21.07,363
00.21.08,764
00.21.09,857
00.21.10,298
00.21.11,151
00.21.12,76
00.21.13,641
00.21.14,733
00.21.15,958
00.21.16,968
00.21.17,994
00.21.18,433
00.21.19,371
00.21.20,668
00.21.21,521
00.21.22,707
00.21.23,170
00.21.24,808
00.21.25,748
00.21.26,602
00.21.27,943
00.21.28,425
00.21.29,785
00.21.30,120
00.21.31,486
00.21.32,602
00.21.33,603
00.21.34,879
00.21.35,796
00.21.36,62
00.21.37,735
00.21.38,759
00.21.39,1001
00.21.40,552
00.21.41,529
00.21.42,527
00.21.43,544
00.21.44,797
00.21.45,641
00.21.46,980
00.21.47,788
00.21.48,511
00.21.49,399
00.21.50,424
00.21.51,464
00.21.52,585
00.21.53,584
00.22.01,931
00.22.02,807
00.22.03,1064
00.22.04,878
00.22.05,580
00.22.06,483
00.22.07,1121
00.22.08,988
00.22.09,324
00.22.10,795
00.22.11,156
00.22.12,1105
00.22.13,622
00.22.14,871
00.22.15,435
00.22.16,526
00.22.17,427
00.22.18,903
00.22.19,355
00.22.20,142
00.22.21,804
00.22.22,655
00.22.23,396
00.22.24,398
00.22.25,444
00.22.26,857
00.22.27,765
00.22.28,618
00.22.29,955
00.22.30,691
00.22.31,1095
00.22.32,611
00.22.33,369
00.22.34,450
00.22.35,362
00.22.36,350
00.22.37,599
00.22.38,514
00.22.39,411
00.22.40,593
00.22.41,463
00.22.42,718
00.22.43,436
00.22.44,635
00.22.45,179
00.22.46,385
00.22.47,412
00.22.48,538
00.22.49,559
00.22.50,450
00.22.51,366
00.22.52,419
00.22.53,511
00.22.54,383
00.22.55,554
00.22.56,460
00.22.57,409
00.22.58,457
00.22.59,577
00.22.60,333
00.22.61,503
00.22.62,245
00.22.63,126
00.22.64,409
00.22.65,293
00.22.66,636
00.22.67,392
00.22.68,178
00.22.70,741
00.22.71,809
00.22.72,320
00.22.73,440
00.22.74,690
00.22.75,385
00.22.76,325
00.22.77,292
00.22.78,119
00.22.79,538
00.22.80,441
00.22.81,622
00.23.01,1239
00.23.02,1500
00.23.03,1605
00.23.04,748
00.23.05,225
00.23.06,391
00.23.07,106
00.23.08,475
00.23.09,369
00.23.10,1168
00.23.11,577
00.23.12,744
00.23.13,225
00.23.14,397
00.23.15,182
00.23.16,206
00.23.17,496
00.23.18,203
00.23.19,609
00.23.20,401
00.23.21,324
00.23.22,652
00.23.23,987
00.23.24,1043
00.23.25,194
00.23.26,764
00.23.27,579
00.23.28,593
00.23.29,134
00.23.30,170
00.23.31,123
00.23.32,846
00.23.33,371
00.23.34,508
00.23.35,262
00.23.36,209
00.23.37,173
00.23.38,859
00.23.39,892
00.23.40,818
00.23.41,674
00.23.42,570
00.23.43,172
00.23.44,268
00.23.45,117
00.23.46,77
00.23.47,157
00.23.48,266
00.23.49,79
00.23.50,146
00.23.51,345
00.23.52,340
00.24.01,648
00.24.02,758
00.24.03,302
00.24.04,663
00.24.05,226
00.24.06,35
00.24.07,188
00.24.08,471
00.24.09,331
00.24.10,263
00.24.11,55
00.24.12,508
00.24.13,117
00.24.14,112
00.24.15,92
00.24.16,374
00.24.17,493
00.24.18,112
00.24.19,268
00.24.20,243
00.24.21,148
00.24.22,621
00.24.23,56
00.24.24,353
00.24.25,122
00.24.26,177
00.24.27,36
00.24.28,163
00.24.29,292
00.24.30,63
00.24.31,51
00.24.32,562
00.24.33,32
00.24.34,28
00.24.35,131
00.24.36,124
00.24.37,150
00.24.38,206
00.24.39,323
00.24.40,116
00.24.41,51
00.24.42,152
00.24.43,482
00.24.44,118
00.24.45,146
00.24.46,154
00.24.47,190
00.24.48,430
00.24.49,232
00.24.50,443
00.25.01,1217
00.25.02,192
00.25.03,133
00.25.04,156
00.25.05,67
00.25.06,365
00.25.07,159
00.25.08,52
00.25.09,79
00.25.10,196
00.25.11,184
00.25.12,167
00.25.13,144
00.25.14,119
00.25.15,46
00.25.16,327
00.25.17,117
00.25.18,160
00.25.19,101
00.25.20,227
00.25.21,292
00.25.22,362
00.25.23,206
00.25.24,260
00.25.25,280
00.25.26,207
00.25.27,249
00.25.28,68
00.25.29,220
00.25.30,435
00.25.31,143
00.25.32,386
00.25.33,270
00.25.34,369
00.25.35,241
00.25.36,125
00.25.37,164
00.25.38,145
00.25.39,161
00.26.01,1321
00.26.02,497
00.26.03,251
00.26.04,608
00.26.05,531
00.26.06,88
00.26.07,705
00.26.08,802
00.26.09,297
00.26.10,124
00.26.11,363
00.26.12,290
00.26.13,147
00.26.14,532
00.26.15,156
00.26.16,141
00.26.17,450
00.26.18,116
00.26.19,237
00.26.20,224
00.26.21,221
00.26.22,567
00.26.23,311
00.26.24,246
00.26.25,66
00.26.26,246
00.26.27,217
00.26.28,59
00.26.29,297
00.26.30,237
00.26.31,82
00.26.32,35
00.26.33,232
00.26.34,121
00.26.35,160
00.26.36,116
00.26.37,277
00.26.38,250
00.26.39,148
00.26.40,55
00.27.01,1053
00.27.02,1308
00.27.03,423
00.27.04,829
00.27.05,1006
00.27.06,1509
00.27.07,980
00.27.08,885
00.27.09,546
00.27.10,628
00.27.11,843
00.27.12,605
00.27.13,261
00.27.14,878
00.27.15,808
00.27.16,810
00.27.17,590
00.27.18,831
00.27.19,345
00.27.20,519
00.27.21,571
00.27.22,289
00.27.23,652
00.27.24,736
00.27.25,517
00.27.26,758
00.27.27,1304
00.27.28,873
00.27.29,843
00.27.30,1097
00.27.31,519
00.27.32,519
00.27.33,1230
00.27.34,402
00.27.35,919
00.27.36,390
00.27.37,355
00.27.38,538
00.27.39,535
00.27.40,363
00.27.41,89
00.28.01,745
00.28.02,705
00.28.03,747
00.28.04,715
00.28.05,479
00.28.06,1093
00.28.07,635
00.28.08,96
00.28.09,332
00.28.10,378
00.28.11,378
00.28.12,240
00.28.13,659
00.28.14,106
00.28.15,136
00.28.16,160
00.28.17,230
00.28.18,261
00.28.19,120
00.28.20,78
00.28.21,111
00.28.22,49
00.28.23,236
00.28.24,107
00.28.25,84
00.28.26,153
00.28.27,85
00.28.28,67
00.28.29,218
00.28.30,474
00.28.31,344
00.28.32,458
00.28.33,466
00.28.34,148
00.28.35,92
00.28.36,249
00.28.37,121
00.28.38,470
00.28.39,164
00.28.40,500
00.28.41,179
00.28.42,191
00.28.43,419
00.28.44,158
00.28.45,326
00.28.46,338
00.28.47,83
00.28.48,272
00.28.49,241
00.29.01,934
00.29.02,321
00.29.03,376
00.29.04,184
00.29.05,370
00.29.06,523
00.29.07,356
00.29.08,130
00.29.09,96
00.29.10,180
00.30.01,733
00.30.02,1121
00.30.03,773
00.30.04,1427
00.30.05,960
00.30.06,731
00.30.07,681
00.30.08,1308
00.30.09,516
00.30.10,653
00.30.11,771
00.30.12,523
00.30.13,106
00.30.14,952
00.30.15,796
00.30.16,781
00.30.17,222
00.30.18,402
00.30.19,728
00.30.20,1233
00.30.21,268
00.30.22,725
00.30.23,390
00.30.24,612
00.30.25,371
00.30.26,464
00.30.27,897
00.30.28,493
00.30.29,803
00.30.30,804
00.30.31,853
00.30.32,545
00.32.01,778
00.32.02,700
00.32.03,715
00.32.04,859
00.32.05,821
00.32.06,1460
00.32.07,1276
00.32.08,678
00.32.09,864
00.32.10,788
00.32.11,668
00.32.12,784
00.32.13,717
00.32.14,1082
00.32.15,1370
00.32.16,1242
00.32.17,837
00.32.18,651
00.32.19,846
00.32.20,746
00.32.21,825
00.32.22,1167
00.32.23,674
00.32.24,714
00.32.25,787
00.32.26,559
00.32.27,279
00.32.28,894
00.32.29,481
00.32.30,762
00.32.31,320
00.32.32,450
00.32.33,446
00.32.34,1327
00.32.35,399
00.32.36,352
00.32.37,154
00.32.38,807
00.32.39,683
00.32.40,986
00.32.41,816
00.32.42,324
00.32.43,460
00.32.44,831
00.32.45,487
00.32.46,718
00.32.47,593
00.32.48,725
00.32.49,740
00.32.50,812
00.32.51,671
00.32.52,533
00.32.53,504
00.32.54,827
00.32.55,1598
00.32.56,931
00.32.57,169
00.32.58,596
00.32.59,637
00.32.60,398
00.32.61,934
00.32.62,780
00.32.63,817
00.32.64,609
00.32.65,256
00.32.66,740
00.32.67,854
00.32.68,504
00.32.69,650
00.32.70,498
00.32.71,1396
00.32.72,404
00.32.73,625
00.32.74,562
00.32.75,737
00.32.76,305
00.32.77,877
00.32.78,879
00.32.79,921
00.32.80,1070
00.32.81,232
00.32.82,633
00.32.83,756
00.32.84,881
00.32.85,253
00.32.86,112
00.32.87,156
00.32.88,305
00.32.89,216
00.32.90,467
00.32.91,509
00.32.92,600
00.32.93,766
00.32.94,382
00.32.95,940
00.33.01,933
00.33.02,830
00.33.03,861
00.33.04,948
00.33.05,619
00.33.06,1112
00.33.07,605
00.33.08,770
00.33.09,305
00.33.10,726
00.33.11,122
00.33.12,781
00.33.13,588
00.33.14,780
00.33.15,502
00.33.16,511
00.33.17,278
00.33.18,924
00.33.19,1373
00.33.20,760
00.33.21,527
00.33.22,278
00.33.23,270
00.33.24,132
00.33.25,1099
00.33.26,681
00.33.27,845
00.33.28,831
00.33.29,914
00.33.30,662
00.33.31,987
00.33.32,197
00.33.33,150
00.33.34,879
00.33.35,107
00.35.01,1313
00.35.02,1491
00.35.03,763
00.35.04,1091
00.35.05,1419
00.35.06,1168
00.35.07,1216
00.35.08,1312
00.35.09,1063
00.35.10,766
00.35.11,430
00.35.12,406
00.35.13,1241
00.35.14,1328
00.35.15,1200
00.35.16,312
00.35.17,622
00.35.18,187
00.35.19,423
00.35.20,733
00.35.21,278
00.35.22,664
00.35.23,1045
00.35.24,529
00.35.25,318
00.35.26,842
00.35.27,665
00.35.28,616
00.35.29,526
00.35.30,1010
00.35.31,418
00.35.32,283
00.35.33,292
00.35.34,53
00.35.35,104
00.35.36,1251
00.35.37,517
00.35.38,386
00.36.01,1016
00.36.02,565
00.36.03,1227
00.36.04,942
00.36.05,1054
00.36.06,994
00.36.07,593
00.36.08,434
00.36.09,1002
00.36.10,622
00.36.11,696
00.36.12,215
00.36.13,1067
00.36.14,205
00.36.15,841
00.36.16,385
00.36.17,217
00.36.18,1090
00.36.19,722
00.36.20,909
00.36.21,432
00.36.22,442
00.36.23,260
00.36.24,74
00.37.01,1357
00.37.02,1479
00.37.03,798
00.37.04,1387
00.37.05,662
00.37.06,661
00.37.07,403
00.37.08,1465
00.37.09,810
00.37.10,1194
00.37.11,211
00.37.12,933
00.37.13,335
00.37.14,719
00.37.15,471
00.37.16,906
00.37.17,688
00.37.18,574
00.37.19,298
00.37.20,465
00.37.21,818
00.37.22,1116
00.37.23,553
00.37.24,633
00.37.25,795
00.37.26,208
00.37.27,835
00.37.28,521
00.38.01,1135
00.38.02,766
00.38.03,1068
00.38.04,634
00.38.05,690
00.38.06,1041
00.38.07,530
00.38.08,525
00.38.09,446
00.38.10,273
00.38.11,212
00.38.12,998
00.38.13,274
00.38.14,540
00.38.15,505
00.38.16,951
00.39.01,1014
00.39.02,204
00.39.03,312
00.39.04,636
00.39.05,63
00.39.06,66
00.39.07,217
00.39.08,351
00.39.09,352
00.39.10,254
00.39.11,141
00.39.12,216
00.39.13,102
00.39.14,97
00.39.15,285
00.39.16,346
00.39.17,145
00.39.18,304
00.39.19,221
00.39.20,383
00.39.21,138
00.39.22,195
00.39.23,1039
00.40.01,1327
00.40.02,918
00.40.03,600
00.40.04,190
00.40.05,199
00.40.06,123
00.40.07,312
00.40.08,286
00.40.09,197
00.40.10,330
00.40.11,280
00.40.12,261
00.40.13,212
00.40.14,425
00.40.15,583
00.40.16,221
00.40.17,221
00.40.18,190
00.40.19,176
00.40.20,80
00.40.21,911
00.40.22,478
00.40.23,242
00.40.24,196
00.40.25,198
00.40.26,269
00.40.27,267
00.40.28,409
00.40.29,336
00.40.30,61
00.40.31,826
00.40.32,546
00.40.33,351
00.40.34,439
00.40.35,97
00.40.36,376
00.40.37,33
00.40.38,293
00.40.39,186
00.40.40,169
00.40.41,164
00.40.42,468
00.40.43,77
00.40.44,61
00.40.45,902
00.40.46,247
00.40.47,249
00.40.48,135
00.40.49,82
00.40.50,254
00.40.51,358
00.40.52,403
00.40.53,92
00.40.54,48
00.40.55,340
00.40.56,181
00.40.57,220
00.40.58,369
00.40.59,384
00.40.60,461
00.40.61,278
00.40.62,1129
00.41.01,750
00.41.02,822
00.41.03,844
00.41.04,758
00.41.05,758
00.41.06,56
00.41.07,465
00.41.08,533
00.41.09,246
00.41.10,225
00.41.11,279
00.41.12,369
00.41.13,103
00.41.14,216
00.41.15,87
00.41.16,152
00.41.17,71
00.41.18,608
00.41.19,282
00.41.20,192
00.41.21,844
00.41.22,252
00.41.23,145
00.41.24,156
00.41.25,755
00.41.26,372
00.41.27,264
00.41.28,198
00.41.29,73
00.41.30,27
00.41.31,161
00.41.32,475
00.41.33,50
00.41.34,382
00.41.35,46
00.43.01,848
00.43.02,640
00.43.03,59
00.43.04,233
00.43.05,142
00.43.06,94
00.43.07,37
00.43.08,132
00.43.09,171
00.43.10,148
00.43.11,230
00.43.12,83
00.43.13,76
00.43.14,75
00.43.15,353
00.43.16,323
00.43.17,227
00.43.18,89
00.43.19,93
00.43.20,67
00.43.21,175
00.43.22,150
00.43.23,83
00.44.01,208
00.44.02,300
00.44.03,353
00.44.04,374
00.44.05,715
00.44.06,829
00.44.07,145
00.44.08,97
00.44.09,114
00.44.10,32
00.44.11,178
00.44.12,186
00.44.13,233
00.44.14,69
00.44.15,345
00.44.16,74
00.44.17,69
00.44.18,38
00.44.19,487
00.44.20,220
00.44.21,302
00.44.22,117
00.44.23,133
00.44.24,240
00.44.25,127
00.44.26,160
00.44.27,342
00.44.28,387
00.44.29,199
00.44.30,248
00.44.31,196
00.44.32,268
00.44.33,134
00.44.34,95
00.44.35,70
00.44.36,52
00.45.01,443
00.45.02,172
00.45.03,127
00.45.04,152
00.45.05,180
00.45.06,284
00.45.07,67
00.45.08,172
00.45.09,44
00.45.10,83
00.45.11,206
00.45.12,144
00.45.13,140
00.45.14,116
00.45.15,74
00.45.16,162
00.45.17,215
00.45.18,391
00.45.19,60
00.45.20,284
00.45.21,34
00.45.22,99
00.45.23,160
00.45.24,150
00.45.25,596
00.45.26,69
00.45.27,86
00.45.28,139
00.45.29,395
00.45.30,177
00.45.31,395
00.45.32,52
00.45.33,63
00.45.34,207
00.45.35,102
00.45.36,23
00.45.37,408
00.45.38,64
00.45.39,42
00.45.40,36
00.45.41,39
00.46.01,717
00.46.02,107
00.46.03,170
00.46.04,96
00.46.05,152
00.46.06,78
00.46.07,245
00.46.08,100
00.46.09,173
00.46.10,71
00.46.11,115
00.46.12,201
00.46.13,190
00.46.14,130
00.46.15,101
00.46.16,40
00.46.17,142
00.46.18,107
00.46.19,73
00.46.20,103
00.46.21,77
00.46.22,91
00.46.23,91
00.47.01,586
00.47.02,619
00.47.03,175
00.47.04,102
00.47.05,88
00.47.06,57
00.47.07,53
00.47.08,67
00.47.09,30
00.47.10,23
00.47.11,144
00.47.12,54
00.47.13,64
00.47.14,63
00.47.15,274
00.47.16,49
00.47.17,67
00.47.18,35
00.47.19,51
00.47.20,323
00.47.21,77
00.47.22,160
00.47.23,78
00.47.24,77
00.47.25,63
00.47.26,154
00.47.27,44
00.47.28,134
00.47.29,89
00.47.30,110
00.47.31,35
00.47.32,120
00.47.33,84
00.47.34,141
00.47.35,68
00.47.36,216
00.47.37,237
00.47.38,260
00.47.39,91
00.47.40,205
00.48.01,813
00.48.02,533
00.48.03,459
00.48.04,500
00.48.05,225
00.48.06,323
00.48.07,192
00.48.08,810
00.48.09,432
00.48.10,520
00.48.11,740
00.48.12,266
00.48.13,476
00.48.14,385
00.48.15,233
00.48.16,92
00.48.17,340
00.48.18,101
00.48.19,197
00.48.20,255
00.48.21,217
00.48.22,96
00.48.23,335
00.48.24,196
00.48.25,188
00.48.26,316
00.48.27,452
00.48.28,428
00.48.29,527
00.48.30,599
00.48.31,481
00.48.32,285
00.48.33,511
00.48.34,140
00.48.35,219
00.48.36,143
00.48.37,263
00.49.01,1367
00.49.02,821
00.49.03,727
00.49.04,637
00.49.05,707
00.49.06,946
00.49.07,365
00.49.08,317
00.49.09,650
00.49.10,306
00.49.11,813
00.49.12,725
00.49.13,445
00.49.14,497
00.49.15,745
00.49.16,776
00.49.17,407
00.49.18,693
00.49.19,152
00.49.20,902
00.49.21,765
00.49.22,979
00.49.23,607
00.49.24,1151
00.49.25,736
00.49.26,846
00.49.27,855
00.49.28,586
00.49.29,475
00.49.30,426
00.50.01,1061
00.50.02,75
00.50.03,942
00.50.04,756
00.50.05,706
00.50.06,706
00.50.07,332
00.50.08,541
00.50.09,128
00.50.10,1318
00.50.11,282
00.50.12,554
00.50.13,211
00.50.14,320
00.50.15,821
00.50.16,478
00.50.17,405
00.50.18,574
00.50.19,754
00.50.20,370
00.50.21,448
00.50.22,671
00.50.23,509
00.50.24,566
00.50.25,397
00.50.26,1203
00.50.27,71
00.50.28,494
00.50.29,647
00.50.30,277
00.50.31,460
00.50.32,677
00.50.33,303
00.50.34,773
00.50.35,198
00.50.36,1201
00.50.37,154
00.50.38,846
00.50.39,714
00.50.40,142
00.50.41,266
00.50.42,672
00.50.43,538
00.50.44,537
00.50.45,296
00.50.46,285
00.50.47,400
00.50.48,438
00.50.49,280
00.50.50,139
00.50.51,731
00.50.52,293
00.50.53,527
00.51.01,1375
00.51.02,617
00.51.03,762
00.51.04,1231
00.51.05,1134
00.51.06,1493
00.51.07,720
00.51.08,731
00.51.09,724
00.51.10,1162
00.51.11,628
00.51.12,785
00.51.13,1152
00.51.14,635
00.51.15,532
00.51.16,518
00.51.17,724
00.51.18,800
00.51.19,584
00.51.20,723
00.51.21,568
00.51.22,799
00.51.23,505
00.51.24,686
00.51.25,677
00.51.26,1150
00.51.27,348
00.51.28,578
00.51.29,582
00.51.30,573
00.51.31,343
00.51.32,854
00.51.33,623
00.51.34,786
00.51.35,478
00.51.36,645
00.51.37,609
00.51.38,395
00.51.39,470
00.51.40,623
00.51.41,612
00.51.42,445
00.51.43,450
00.51.44,683
00.52.01,630
00.52.02,580
00.52.03,1047
00.52.04,558
00.52.05,518
00.52.06,427
00.52.07,903
00.52.08,283
00.52.09,874
00.52.10,773
00.52.11,295
00.52.12,750
00.52.13,825
00.52.14,812
00.52.15,570
00.52.16,540
00.52.17,249
00.52.18,210
00.52.19,170
00.52.20,338
00.52.21,139
00.52.22,206
00.52.23,417
00.52.24,481
00.53.01,1323
00.53.02,1394
00.53.03,655
00.53.04,837
00.53.05,410
00.53.06,525
00.53.07,217
00.53.08,455
00.53.09,341
00.53.10,360
00.53.11,190
00.53.12,858
00.53.13,328
00.53.14,964
00.53.15,552
00.53.16,230
00.53.17,438
00.53.18,453
00.53.19,370
00.53.20,964
00.53.21,836
00.53.22,1021
00.53.23,379
00.53.24,283
00.54.01,1291
00.54.02,1145
00.54.03,1211
00.54.04,1143
00.54.05,1362
00.54.06,583
00.54.07,790
00.54.08,659
00.54.09,613
00.54.10,655
00.54.11,565
00.54.12,1286
00.54.13,739
00.54.14,597
00.54.15,834
00.54.16,1203
00.54.17,256
00.54.18,845
00.54.19,127
00.54.20,916
00.54.21,268
00.54.22,623
00.54.23,1026
00.54.24,399
00.54.25,1226
00.54.26,839
00.54.27,623
00.54.28,712
00.54.29,779
00.54.30,384
00.54.31,208
00.54.32,100
00.54.33,257
00.54.34,506
00.55.01,792
00.55.02,1314
00.55.03,773
00.55.04,727
00.55.05,550
00.55.06,433
00.55.07,579
00.55.08,445
00.55.09,177
00.55.10,1012
00.55.11,233
00.55.12,900
00.55.13,268
00.55.14,727
00.55.15,160
00.55.16,437
00.55.17,494
00.55.18,495
00.55.19,193
00.55.20,662
00.55.21,303
00.55.22,238
00.55.23,48
00.55.24,82
00.55.25,745
00.55.26,776
00.55.27,154
00.56.01,1022
00.56.02,840
00.56.03,917
00.56.04,375
00.56.05,849
00.56.06,921
00.56.07,675
00.56.08,358
00.56.09,87
00.56.10,171
00.56.11,270
00.56.12,660
00.56.13,520
00.56.14,258
00.56.15,288
00.56.16,727
00.56.17,308
00.56.18,675
00.56.19,709
00.56.20,830
00.56.21,215
00.56.22,371
00.56.23,222
00.56.24,576
00.56.25,338
00.56.26,381
00.56.27,718
00.56.28,247
00.56.29,539
00.56.30,578
00.56.31,907
00.56.32,365
00.56.33,705
00.56.34,278
00.56.35,376
00.56.36,457
00.56.37,319
00.56.38,648
00.56.39,700
00.56.40,279
00.56.41,593
00.56.42,309
00.56.43,227
00.56.44,602
00.56.45,429
00.56.46,187
00.56.47,312
00.56.48,234
00.56.49,105
00.57.01,534
00.57.02,567
00.57.03,821
00.57.04,889
00.57.05,1022
00.57.06,933
00.57.07,512
00.57.08,436
00.57.09,211
00.57.10,332
00.57.11,334
00.57.12,470
00.57.13,181
00.57.14,165
00.57.15,286
00.57.16,175
00.57.17,696
00.57.18,374
00.57.19,89
00.57.20,416
00.57.21,539
00.57.22,281
00.57.23,294
00.57.24,120
00.57.25,197
00.57.26,158
00.57.27,258
00.57.28,44
00.57.29,349
00.57.30,86
00.57.31,410
00.58.01,1119
00.58.02,725
00.58.03,1244
00.58.04,1106
00.58.05,1110
00.58.06,1101
00.58.07,604
00.58.08,709
00.58.09,294
00.58.10,300
00.58.11,624
00.58.12,251
00.58.13,232
00.58.14,444
00.58.15,734
00.58.16,737
00.58.17,408
00.58.18,450
00.58.19,89
00.58.20,249
00.58.21,144
00.58.22,156
00.58.23,914
00.58.24,657
00.58.25,545
00.58.26,656
00.58.27,310
00.58.28,171
00.58.29,76
00.58.30,197
00.58.31,360
00.58.32,223
00.58.33,145
00.58.34,459
00.58.35,517
00.58.36,652
00.58.37,542
00.58.38,624
00.58.39,219
00.58.40,184
00.58.41,69
00.58.42,483
00.58.43,376
00.58.44,703
00.58.45,363
00.58.46,572
00.58.47,507
00.58.48,738
00.58.49,513
00.58.50,477
00.58.51,428
00.58.52,468
00.58.53,614
00.58.54,317
00.58.55,531
00.58.56,405
00.58.57,479
00.58.58,200
00.59.01,550
00.59.02,1333
00.59.03,595
00.59.04,1161
00.59.05,1207
00.59.06,1175
00.59.07,1192
00.59.08,1529
00.59.09,851
00.59.10,760
00.59.11,804
00.59.12,796
00.59.13,1508
00.59.14,1259
00.59.15,826
00.59.16,1444
00.59.17,1623
00.59.18,1136
00.59.19,517
00.59.20,894
00.59.21,1363
00.59.22,1504
00.59.23,1651
00.59.24,1613
00.59.25,1410
00.59.26,1236
00.59.27,1500
00.59.28,941
00.59.29,1423
00.59.30,823
00.59.31,1327
00.59.32,1422
00.59.33,1414
00.59.34,674
00.59.35,1097
00.59.36,1440
00.59.37,1296
00.59.38,1235
00.59.39,576
00.59.40,1090
00.59.41,1541
00.59.42,1532
00.59.43,1271
00.59.44,1399
00.59.45,1126
00.59.46,818
00.59.47,1242
00.59.48,993
00.59.49,1111
00.59.50,530
00.59.51,649
00.59.52,1367
00.59.53,1235
00.59.54,1231
00.59.55,1029
00.59.56,1193
00.59.57,1446
00.59.58,1232
00.59.59,1366
00.59.60,1340
00.59.61,961
00.59.62,1300
00.59.63,1402
00.59.64,1215
00.59.65,1272
00.59.66,834
00.59.67,800
00.59.68,753
00.59.69,547
00.59.70,752
00.59.71,801
00.59.72,209
00.60.01,818
00.60.02,1422
00.60.03,1253
00.60.04,619
00.60.05,1393
00.60.06,1318
00.60.07,1185
00.60.08,1372
00.60.09,1149
00.60.10,518
00.60.11,230
00.60.12,1217
00.60.13,550
00.60.14,584
00.60.15,836
00.60.16,553
00.60.17,835
00.60.18,1046
00.60.19,683
00.60.20,641
00.60.21,621
00.60.22,428
00.60.23,696
00.60.24,1264
00.60.25,959
00.60.26,728
00.60.27,1131
00.60.28,377
00.60.29,470
00.60.30,520
00.60.31,648
00.60.32,626
00.60.33,833
00.60.34,517
00.60.35,1185
00.60.36,345
00.60.37,725
00.60.38,895
00.60.39,885
00.60.40,902
00.60.41,535
00.60.42,581
00.60.43,494
00.60.44,343
00.60.45,1026
00.60.46,127
00.61.01,825
00.61.02,1297
00.61.03,1197
00.61.04,593
00.61.05,237
00.61.06,572
00.61.07,565
00.61.08,764
00.61.09,487
00.61.10,434
00.61.11,865
00.61.12,481
00.61.13,350
00.61.14,502
00.61.15,210
00.61.16,227
00.61.17,324
00.61.18,374
00.61.19,467
00.61.20,700
00.61.21,736
00.61.22,586
00.61.23,912
00.61.24,819
00.61.25,267
00.61.26,174
00.61.27,336
00.61.28,290
00.61.29,218
00.61.30,372
00.61.31,384
00.62.01,1144
00.62.02,442
00.62.03,316
00.62.04,472
00.62.05,406
00.62.06,568
00.62.07,390
00.62.08,75
00.62.09,225
00.62.10,241
00.62.11,172
00.62.12,150
00.62.13,210
00.62.14,178
00.62.15,651
00.62.16,562
00.62.17,170
00.62.18,150
00.62.19,172
00.62.20,210
00.62.21,242
00.62.22,367
00.62.23,485
00.62.24,385
00.62.25,513
00.62.26,390
00.62.27,451
00.62.28,126
00.62.29,604
00.62.30,276
00.62.31,575
00.62.32,90
00.62.33,258
00.63.01,1147
00.63.02,1046
00.63.03,839
00.63.04,364
00.63.05,665
00.63.06,516
00.63.07,920
00.63.08,548
00.63.09,697
00.63.10,371
00.63.11,809
00.63.12,720
00.63.13,441
00.63.14,557
00.63.15,437
00.63.16,607
00.63.17,588
00.63.18,466
00.63.19,296
00.63.20,499
00.64.01,1069
00.64.02,554
00.64.03,567
00.64.04,564
00.64.05,517
00.64.06,310
00.64.07,763
00.64.08,764
00.64.09,745
00.64.10,676
00.64.11,404
00.64.12,716
00.64.13,726
00.64.14,1178
00.64.15,1378
00.64.16,1118
00.64.17,774
00.64.18,553
00.64.19,344
00.64.20,642
00.64.21,317
00.64.22,800
00.64.23,328
00.64.24,452
00.64.25,121
00.64.26,605
00.64.27,1089
00.64.28,636
00.64.29,422
00.64.30,370
00.64.31,373
00.64.32,809
00.64.33,433
00.64.34,395
00.64.35,320
00.64.36,260
00.65.01,917
00.65.02,1011
00.65.03,841
00.65.04,610
00.65.05,339
00.65.06,651
00.65.07,372
00.65.08,350
00.65.09,605
00.65.10,526
00.65.11,487
00.65.12,500
00.65.13,780
00.65.14,473
00.65.15,398
00.65.16,315
00.65.17,407
00.65.18,501
00.65.19,530
00.65.20,317
00.65.21,698
00.65.22,408
00.65.23,316
00.65.24,231
00.65.25,571
00.65.26,821
00.65.27,525
00.65.28,474
00.65.29,489
00.65.30,681
00.65.31,466
00.65.32,723
00.65.33,739
00.65.34,717
00.65.35,758
00.66.01,1292
00.66.02,1120
00.66.03,1402
00.66.04,842
00.66.05,661
00.66.06,390
00.66.07,950
00.66.08,430
00.66.09,285
00.66.10,503
00.66.11,1161
00.66.12,419
00.66.13,919
00.66.14,255
00.66.15,1138
00.66.16,224
00.66.17,316
00.66.18,426
00.66.19,797
00.66.20,350
00.66.21,909
00.66.22,167
00.66.23,682
00.66.24,386
00.67.01,1046
00.67.02,1056
00.67.03,601
00.67.04,332
00.67.05,767
00.67.06,1239
00.67.07,1256
00.67.08,1078
00.67.09,1153
00.67.10,1032
00.67.11,1018
00.67.12,1263
00.67.13,784
00.67.14,666
00.67.15,1004
00.67.16,1181
00.67.17,1204
00.67.18,965
00.67.19,600
00.67.20,1081
00.67.21,891
00.67.22,586
00.67.23,1244
00.67.24,903
00.67.25,686
00.67.26,546
00.67.27,259
00.67.28,977
00.67.29,636
00.67.30,929
00.67.31,633
00.67.32,438
00.67.33,290
00.67.34,322
00.67.35,1111
00.67.36,325
00.67.37,490
00.67.38,658
00.67.39,593
00.67.40,1084
00.67.41,1132
00.67.42,1054
00.67.43,775
00.67.44,790
00.67.45,1092
00.67.46,712
00.67.47,818
00.67.48,745
00.67.49,452
00.67.50,658
00.67.51,557
00.67.52,663
00.67.53,826
00.67.54,990
00.67.55,965
00.67.56,238
00.67.57,522
00.67.58,431
00.67.59,716
00.67.60,873
00.67.61,535
00.67.62,397
00.67.63,739
00.67.64,445
00.67.65,889
00.67.66,616
00.67.67,735
00.67.68,827
00.67.69,720
00.67.70,902
00.68.01,826
00.68.02,712
00.68.03,1492
00.68.04,242
00.68.05,560
00.68.06,881
00.68.07,796
00.68.08,464
00.68.09,718
00.68.10,617
00.68.11,368
00.68.12,521
00.68.13,347
00.68.14,869
00.68.15,783
00.68.16,1045
00.68.17,752
00.68.18,380
00.68.19,577
00.68.20,171
00.68.21,1176
00.68.22,707
00.69.01,1071
00.69.02,1060
00.69.03,988
00.69.04,635
00.69.05,375
00.69.06,1026
00.69.07,1032
00.69.08,773
00.69.09,708
00.69.10,1229
00.69.11,229
00.69.12,904
00.69.13,821
00.69.14,828
00.69.15,1089
00.69.16,572
00.70.01,779
00.70.02,1297
00.70.03,1292
00.70.04,1235
00.70.05,823
00.70.06,979
00.70.07,867
00.70.08,754
00.70.09,867
00.70.10,758
00.70.11,768
00.70.12,1388
00.70.13,797
00.70.14,854
00.70.15,798
00.70.16,1355
00.70.17,675
00.70.18,905
00.70.19,781
00.70.20,650
00.70.21,725
00.70.22,1295
00.70.23,1241
00.79.01,1068
00.79.02,1409
00.79.03,1568
00.79.04,1560
00.79.05,1597
00.79.06,930
00.79.07,1425
00.79.08,1632
00.79.09,1005
00.79.10,1111
00.79.11,1042
00.79.12,1082
00.79.13,1056
00.79.14,994
00.79.15,926
00.79.16,1063
00.79.17,959
00.79.18,848
00.79.19,1162
00.79.20,880
00.79.21,971
00.79.22,1094
00.79.23,1216
00.79.24,1598
00.79.25,860
00.79.26,1004
00.79.27,845
00.79.28,1016
00.79.29,1041
00.79.30,1079
00.79.31,958
00.79.32,1576
00.79.33,958
00.79.34,881
00.79.35,933
00.79.36,797
00.79.37,892
00.79.38,1099
00.79.39,841
00.79.40,967
00.79.41,932
00.79.42,1071
00.79.43,1496
00.79.44,941
00.79.45,1059
00.79.46,1217
00.79.47,1020
00.79.48,1051
00.79.49,1189
00.79.50,1277
00.79.51,1582
00.79.52,825
00.79.53,887
00.79.54,995
00.79.55,821
00.79.56,853
00.79.57,977
00.79.58,729
00.79.59,873
00.79.60,921
00.79.61,637
00.79.62,935
00.79.63,882
00.79.64,777
00.79.65,521
00.79.66,1583
00.79.67,1010
00.79.68,1006
00.79.69,1048
00.79.70,1058
00.79.71,1001
00.79.72,823
00.79.73,948
00.79.74,841
00.79.75,941
00.79.76,910
00.79.77,1046
00.79.78,739
00.79.79,668
00.79.80,818
00.79.81,761
00.79.82,880
00.79.83,661
00.79.84,938
00.79.85,1113
00.79.86,1073
00.79.87,999
00.79.88,731
00.79.89,1788
00.79.90,50
00.80.01,1008
00.80.02,642
00.80.03,238
00.80.04,384
00.80.05,200
00.80.06,293
00.80.07,441
00.80.08,229
00.80.09,397
00.80.10,277
00.80.11,309
00.80.12,337
00.80.13,508
00.80.14,384
00.80.15,505
00.80.16,389
00.80.17,654
00.80.18,157
00.80.19,339
00.80.20,227
00.80.21,374
00.80.22,343
00.80.23,171
00.80.24,376
00.80.25,355
00.80.26,357
00.80.27,297
00.80.28,904
00.80.29,356
00.81.01,568
00.81.02,569
00.81.03,617
00.81.04,512
00.81.05,1326
00.81.06,430
00.81.07,981
00.81.08,739
00.81.09,515
00.81.10,797
00.81.11,866
00.81.12,702
00.81.13,229
00.81.14,1156
00.81.15,1062
00.81.16,701
00.81.17,850
00.81.18,347
00.81.19,473
00.81.20,556
00.81.21,736
00.81.22,1265
00.81.23,386
00.81.24,769
00.81.25,751
00.81.26,155
00.81.27,825
00.81.28,680
00.81.29,536
00.81.30,661
00.81.31,881
00.81.32,1109
00.81.33,923
00.81.34,282
00.81.35,720
00.81.36,1096
00.81.37,1040
00.81.38,326
00.81.39,359
00.81.40,486
00.81.41,569
00.81.42,1214
00.81.43,1046
00.81.44,858
00.81.45,419
00.81.46,731
00.81.47,432
00.81.48,536
00.81.49,525
00.81.50,992
00.81.51,680
00.81.52,841
00.81.53,603
00.81.54,773
00.81.55,890
00.81.56,787
00.81.57,593
00.82.01,674
00.82.02,127
00.82.03,231
00.82.04,242
00.82.05,287
00.82.06,236
00.82.07,97
00.82.08,72
00.82.09,214
00.82.10,236
00.82.11,92
00.82.12,146
00.82.13,112
00.82.14,392
00.82.15,413
00.82.16,417
00.82.17,279
00.82.18,136
00.82.19,82
00.82.20,220
00.82.21,157
00.82.22,89
00.82.23,301
00.82.24,138
00.82.25,173
00.82.26,146
00.82.27,165
00.82.28,307
00.82.29,197
00.82.30,143
00.82.31,217
00.82.32,128
00.82.33,85
00.82.34,154
00.82.35,92
00.82.36,149
00.82.37,133
00.82.38,261
00.82.39,263
00.82.40,159
00.82.41,204
00.82.42,233
00.82.43,264
00.82.44,139
00.82.45,175
00.82.46,132
00.82.47,157
00.82.48,73
00.83.01,810
00.83.02,648
00.83.03,889
00.83.04,295
00.83.05,1470
00.83.06,516
00.83.07,889
00.83.08,544
00.83.09,386
00.83.10,752
00.83.11,709
00.83.12,705
00.83.13,829
00.83.14,699
00.83.15,762
00.83.16,1359
00.83.17,1002
00.83.18,622
00.83.19,615
00.83.20,562
00.83.21,819
00.83.22,338
00.83.23,280
00.83.24,598
00.83.25,838
00.83.26,861
00.83.27,986
00.83.28,764
00.83.29,625
00.83.30,1278
00.83.31,518
00.83.32,861
00.83.33,171
00.83.34,894
00.83.35,397
00.83.36,335
00.83.37,257
00.83.38,335
00.83.39,254
00.83.40,581
00.83.41,344
00.84.01,1117
00.84.02,276
00.84.03,215
00.84.04,571
00.84.05,318
00.84.06,226
00.84.07,351
00.84.08,287
00.84.09,290
00.84.10,428
00.84.11,651
00.84.12,244
00.84.13,337
00.84.14,224
00.84.15,239
00.84.16,379
00.84.17,747
00.84.18,543
00.84.19,140
00.84.20,191
00.84.21,114
00.84.22,332
00.84.23,390
00.84.24,252
00.84.25,270
00.84.26,273
00.84.27,128
00.84.28,143
00.84.29,147
00.84.30,293
00.84.31,360
00.84.32,187
00.84.33,93
00.84.34,149
00.84.35,257
00.84.36,241
00.84.37,123
00.84.38,254
00.84.39,277
00.84.40,327
00.84.41,317
00.84.42,75
00.84.43,88
00.84.44,180
00.84.45,203
00.84.46,80
00.84.47,60
00.84.48,227
00.84.49,257
00.84.50,178
00.84.51,106
00.84.52,202
00.84.53,184
00.87.01,749
00.87.02,292
00.87.03,152
00.87.04,195
00.87.05,603
00.87.06,1541
00.87.07,1416
00.87.08,1387
00.87.09,449
00.87.10,89
00.87.11,882
00.87.12,41
00.87.13,936
00.87.14,1378
00.87.15,1053
00.87.16,798
00.87.17,104
00.87.18,1339
00.87.19,756
00.87.20,656
00.87.21,228
00.87.22,104
00.87.23,285
00.87.24,391
00.87.25,623
00.87.26,723
00.87.27,580
00.87.28,797
00.87.29,1062
00.87.30,261
00.87.31,271
00.87.32,106
00.87.33,253
00.87.34,40
00.87.35,477
00.87.36,1005
00.87.37,172
00.87.38,792
00.87.39,719
00.87.40,743
00.87.41,355
00.87.42,362
00.87.43,652
00.87.44,217
00.87.45,72
00.87.46,50
00.87.47,267
00.87.48,48
00.87.49,59
00.87.50,553
00.87.51,320
00.87.52,469
00.87.53,58
00.87.54,57
00.87.55,87
00.87.56,152
00.87.57,104
00.87.58,53
00.87.59,46
00.87.60,50
00.87.61,1525
00.87.62,1079
00.87.63,848
00.87.64,485
00.87.65,722
00.87.66,393
00.87.67,759
